n_threads,headless,mode,local_directory,timing,n_workers,memory,partition_size,output,config,paths,port,debug,n_nodes,n_cores,walltime,project,job_extra,limit,runtime
1,True,mpi,/local_scratch/,/vsc-mounts/gent-user/420/vsc42015/vsc_data_vo/results/scip_benchmark/benchmark_20210930224304/3d7426bd-d043-4443-b368-21218dae5e82.json,1,120,400,/vsc-mounts/gent-user/420/vsc42015/vsc_data_vo/results/scip_benchmark/benchmark_20210930224304/results/3d7426bd-d043-4443-b368-21218dae5e82,/vsc-mounts/gent-user/420/vsc42015/vsc_data_vo/datasets/weizmann/EhV/high_time_res/scip_tiff.yml,"['/vsc-mounts/gent-user/420/vsc42015/vsc_data_vo/datasets/weizmann/EhV/high_time_res/High/images/H1_T7', '/vsc-mounts/gent-user/420/vsc42015/vsc_data_vo/datasets/weizmann/EhV/high_time_res/High/images/H1_T8', '/vsc-mounts/gent-user/420/vsc42015/vsc_data_vo/datasets/weizmann/EhV/high_time_res/High/images/H1_T9', '/vsc-mounts/gent-user/420/vsc42015/vsc_data_vo/datasets/weizmann/EhV/high_time_res/High/images/H2_T7', '/vsc-mounts/gent-user/420/vsc42015/vsc_data_vo/datasets/weizmann/EhV/high_time_res/High/images/H2_T8', '/vsc-mounts/gent-user/420/vsc42015/vsc_data_vo/datasets/weizmann/EhV/high_time_res/High/images/H2_T9']",,False,1,1,01:00:00,,[],,7928.769465923309
1,True,mpi,/local_scratch/,/vsc-mounts/gent-user/420/vsc42015/vsc_data_vo/results/scip_benchmark/benchmark_20210930224304/0b7e4a94-3ba8-4bc0-8774-de1c57056b6a.json,16,7,200,/vsc-mounts/gent-user/420/vsc42015/vsc_data_vo/results/scip_benchmark/benchmark_20210930224304/results/0b7e4a94-3ba8-4bc0-8774-de1c57056b6a,/vsc-mounts/gent-user/420/vsc42015/vsc_data_vo/datasets/weizmann/EhV/high_time_res/scip_tiff.yml,"['/vsc-mounts/gent-user/420/vsc42015/vsc_data_vo/datasets/weizmann/EhV/high_time_res/High/images/H1_T7', '/vsc-mounts/gent-user/420/vsc42015/vsc_data_vo/datasets/weizmann/EhV/high_time_res/High/images/H1_T8', '/vsc-mounts/gent-user/420/vsc42015/vsc_data_vo/datasets/weizmann/EhV/high_time_res/High/images/H1_T9', '/vsc-mounts/gent-user/420/vsc42015/vsc_data_vo/datasets/weizmann/EhV/high_time_res/High/images/H2_T7', '/vsc-mounts/gent-user/420/vsc42015/vsc_data_vo/datasets/weizmann/EhV/high_time_res/High/images/H2_T8', '/vsc-mounts/gent-user/420/vsc42015/vsc_data_vo/datasets/weizmann/EhV/high_time_res/High/images/H2_T9']",,False,1,1,01:00:00,,[],,997.0724365711212
1,True,mpi,/local_scratch/,/vsc-mounts/gent-user/420/vsc42015/vsc_data_vo/results/scip_benchmark/benchmark_20210930224304/c16f2738-0a57-4cd2-a149-158c208d9919.json,2,60,100,/vsc-mounts/gent-user/420/vsc42015/vsc_data_vo/results/scip_benchmark/benchmark_20210930224304/results/c16f2738-0a57-4cd2-a149-158c208d9919,/vsc-mounts/gent-user/420/vsc42015/vsc_data_vo/datasets/weizmann/EhV/high_time_res/scip_tiff.yml,"['/vsc-mounts/gent-user/420/vsc42015/vsc_data_vo/datasets/weizmann/EhV/high_time_res/High/images/H1_T7', '/vsc-mounts/gent-user/420/vsc42015/vsc_data_vo/datasets/weizmann/EhV/high_time_res/High/images/H1_T8', '/vsc-mounts/gent-user/420/vsc42015/vsc_data_vo/datasets/weizmann/EhV/high_time_res/High/images/H1_T9', '/vsc-mounts/gent-user/420/vsc42015/vsc_data_vo/datasets/weizmann/EhV/high_time_res/High/images/H2_T7', '/vsc-mounts/gent-user/420/vsc42015/vsc_data_vo/datasets/weizmann/EhV/high_time_res/High/images/H2_T8', '/vsc-mounts/gent-user/420/vsc42015/vsc_data_vo/datasets/weizmann/EhV/high_time_res/High/images/H2_T9']",,False,1,1,01:00:00,,[],,4817.982248067856
1,True,mpi,/local_scratch/,/vsc-mounts/gent-user/420/vsc42015/vsc_data_vo/results/scip_benchmark/benchmark_20210930224304/d5341512-4e5f-4771-86e0-6d9da4faa094.json,1,120,400,/vsc-mounts/gent-user/420/vsc42015/vsc_data_vo/results/scip_benchmark/benchmark_20210930224304/results/d5341512-4e5f-4771-86e0-6d9da4faa094,/vsc-mounts/gent-user/420/vsc42015/vsc_data_vo/datasets/weizmann/EhV/high_time_res/scip_tiff.yml,"['/vsc-mounts/gent-user/420/vsc42015/vsc_data_vo/datasets/weizmann/EhV/high_time_res/High/images/H1_T7', '/vsc-mounts/gent-user/420/vsc42015/vsc_data_vo/datasets/weizmann/EhV/high_time_res/High/images/H1_T8', '/vsc-mounts/gent-user/420/vsc42015/vsc_data_vo/datasets/weizmann/EhV/high_time_res/High/images/H1_T9', '/vsc-mounts/gent-user/420/vsc42015/vsc_data_vo/datasets/weizmann/EhV/high_time_res/High/images/H2_T7', '/vsc-mounts/gent-user/420/vsc42015/vsc_data_vo/datasets/weizmann/EhV/high_time_res/High/images/H2_T8', '/vsc-mounts/gent-user/420/vsc42015/vsc_data_vo/datasets/weizmann/EhV/high_time_res/High/images/H2_T9']",,False,1,1,01:00:00,,[],,9042.983083248138
1,True,mpi,/local_scratch/,/vsc-mounts/gent-user/420/vsc42015/vsc_data_vo/results/scip_benchmark/benchmark_20210930224304/4f281ad0-9845-47da-a3c0-3dbb6d6c5609.json,2,60,800,/vsc-mounts/gent-user/420/vsc42015/vsc_data_vo/results/scip_benchmark/benchmark_20210930224304/results/4f281ad0-9845-47da-a3c0-3dbb6d6c5609,/vsc-mounts/gent-user/420/vsc42015/vsc_data_vo/datasets/weizmann/EhV/high_time_res/scip_tiff.yml,"['/vsc-mounts/gent-user/420/vsc42015/vsc_data_vo/datasets/weizmann/EhV/high_time_res/High/images/H1_T7', '/vsc-mounts/gent-user/420/vsc42015/vsc_data_vo/datasets/weizmann/EhV/high_time_res/High/images/H1_T8', '/vsc-mounts/gent-user/420/vsc42015/vsc_data_vo/datasets/weizmann/EhV/high_time_res/High/images/H1_T9', '/vsc-mounts/gent-user/420/vsc42015/vsc_data_vo/datasets/weizmann/EhV/high_time_res/High/images/H2_T7', '/vsc-mounts/gent-user/420/vsc42015/vsc_data_vo/datasets/weizmann/EhV/high_time_res/High/images/H2_T8', '/vsc-mounts/gent-user/420/vsc42015/vsc_data_vo/datasets/weizmann/EhV/high_time_res/High/images/H2_T9']",,False,1,1,01:00:00,,[],,4107.878959655762
1,True,mpi,/local_scratch/,/vsc-mounts/gent-user/420/vsc42015/vsc_data_vo/results/scip_benchmark/benchmark_20210930224304/bf4173a6-f7be-41a6-ac8e-3d8cec463afb.json,4,30,200,/vsc-mounts/gent-user/420/vsc42015/vsc_data_vo/results/scip_benchmark/benchmark_20210930224304/results/bf4173a6-f7be-41a6-ac8e-3d8cec463afb,/vsc-mounts/gent-user/420/vsc42015/vsc_data_vo/datasets/weizmann/EhV/high_time_res/scip_tiff.yml,"['/vsc-mounts/gent-user/420/vsc42015/vsc_data_vo/datasets/weizmann/EhV/high_time_res/High/images/H1_T7', '/vsc-mounts/gent-user/420/vsc42015/vsc_data_vo/datasets/weizmann/EhV/high_time_res/High/images/H1_T8', '/vsc-mounts/gent-user/420/vsc42015/vsc_data_vo/datasets/weizmann/EhV/high_time_res/High/images/H1_T9', '/vsc-mounts/gent-user/420/vsc42015/vsc_data_vo/datasets/weizmann/EhV/high_time_res/High/images/H2_T7', '/vsc-mounts/gent-user/420/vsc42015/vsc_data_vo/datasets/weizmann/EhV/high_time_res/High/images/H2_T8', '/vsc-mounts/gent-user/420/vsc42015/vsc_data_vo/datasets/weizmann/EhV/high_time_res/High/images/H2_T9']",,False,1,1,01:00:00,,[],,2632.8804059028625
1,True,mpi,/local_scratch/,/vsc-mounts/gent-user/420/vsc42015/vsc_data_vo/results/scip_benchmark/benchmark_20210930224304/d6386dfb-f83f-4d00-b232-c19eb5e63866.json,4,30,800,/vsc-mounts/gent-user/420/vsc42015/vsc_data_vo/results/scip_benchmark/benchmark_20210930224304/results/d6386dfb-f83f-4d00-b232-c19eb5e63866,/vsc-mounts/gent-user/420/vsc42015/vsc_data_vo/datasets/weizmann/EhV/high_time_res/scip_tiff.yml,"['/vsc-mounts/gent-user/420/vsc42015/vsc_data_vo/datasets/weizmann/EhV/high_time_res/High/images/H1_T7', '/vsc-mounts/gent-user/420/vsc42015/vsc_data_vo/datasets/weizmann/EhV/high_time_res/High/images/H1_T8', '/vsc-mounts/gent-user/420/vsc42015/vsc_data_vo/datasets/weizmann/EhV/high_time_res/High/images/H1_T9', '/vsc-mounts/gent-user/420/vsc42015/vsc_data_vo/datasets/weizmann/EhV/high_time_res/High/images/H2_T7', '/vsc-mounts/gent-user/420/vsc42015/vsc_data_vo/datasets/weizmann/EhV/high_time_res/High/images/H2_T8', '/vsc-mounts/gent-user/420/vsc42015/vsc_data_vo/datasets/weizmann/EhV/high_time_res/High/images/H2_T9']",,False,1,1,01:00:00,,[],,2492.8795602321625
1,True,mpi,/local_scratch/,/vsc-mounts/gent-user/420/vsc42015/vsc_data_vo/results/scip_benchmark/benchmark_20210930224304/1af72763-b3fd-4f88-a252-02fd30d99115.json,2,60,800,/vsc-mounts/gent-user/420/vsc42015/vsc_data_vo/results/scip_benchmark/benchmark_20210930224304/results/1af72763-b3fd-4f88-a252-02fd30d99115,/vsc-mounts/gent-user/420/vsc42015/vsc_data_vo/datasets/weizmann/EhV/high_time_res/scip_tiff.yml,"['/vsc-mounts/gent-user/420/vsc42015/vsc_data_vo/datasets/weizmann/EhV/high_time_res/High/images/H1_T7', '/vsc-mounts/gent-user/420/vsc42015/vsc_data_vo/datasets/weizmann/EhV/high_time_res/High/images/H1_T8', '/vsc-mounts/gent-user/420/vsc42015/vsc_data_vo/datasets/weizmann/EhV/high_time_res/High/images/H1_T9', '/vsc-mounts/gent-user/420/vsc42015/vsc_data_vo/datasets/weizmann/EhV/high_time_res/High/images/H2_T7', '/vsc-mounts/gent-user/420/vsc42015/vsc_data_vo/datasets/weizmann/EhV/high_time_res/High/images/H2_T8', '/vsc-mounts/gent-user/420/vsc42015/vsc_data_vo/datasets/weizmann/EhV/high_time_res/High/images/H2_T9']",,False,1,1,01:00:00,,[],,4579.469568729401
1,True,mpi,/local_scratch/,/vsc-mounts/gent-user/420/vsc42015/vsc_data_vo/results/scip_benchmark/benchmark_20210930224304/da136a47-98b4-44a9-a851-ac69040727fe.json,4,30,400,/vsc-mounts/gent-user/420/vsc42015/vsc_data_vo/results/scip_benchmark/benchmark_20210930224304/results/da136a47-98b4-44a9-a851-ac69040727fe,/vsc-mounts/gent-user/420/vsc42015/vsc_data_vo/datasets/weizmann/EhV/high_time_res/scip_tiff.yml,"['/vsc-mounts/gent-user/420/vsc42015/vsc_data_vo/datasets/weizmann/EhV/high_time_res/High/images/H1_T7', '/vsc-mounts/gent-user/420/vsc42015/vsc_data_vo/datasets/weizmann/EhV/high_time_res/High/images/H1_T8', '/vsc-mounts/gent-user/420/vsc42015/vsc_data_vo/datasets/weizmann/EhV/high_time_res/High/images/H1_T9', '/vsc-mounts/gent-user/420/vsc42015/vsc_data_vo/datasets/weizmann/EhV/high_time_res/High/images/H2_T7', '/vsc-mounts/gent-user/420/vsc42015/vsc_data_vo/datasets/weizmann/EhV/high_time_res/High/images/H2_T8', '/vsc-mounts/gent-user/420/vsc42015/vsc_data_vo/datasets/weizmann/EhV/high_time_res/High/images/H2_T9']",,False,1,1,01:00:00,,[],,2505.007493495941
1,True,mpi,/local_scratch/,/vsc-mounts/gent-user/420/vsc42015/vsc_data_vo/results/scip_benchmark/benchmark_20210930224304/ce4fb782-e5ba-4d77-afd6-e01539ff7370.json,1,120,200,/vsc-mounts/gent-user/420/vsc42015/vsc_data_vo/results/scip_benchmark/benchmark_20210930224304/results/ce4fb782-e5ba-4d77-afd6-e01539ff7370,/vsc-mounts/gent-user/420/vsc42015/vsc_data_vo/datasets/weizmann/EhV/high_time_res/scip_tiff.yml,"['/vsc-mounts/gent-user/420/vsc42015/vsc_data_vo/datasets/weizmann/EhV/high_time_res/High/images/H1_T7', '/vsc-mounts/gent-user/420/vsc42015/vsc_data_vo/datasets/weizmann/EhV/high_time_res/High/images/H1_T8', '/vsc-mounts/gent-user/420/vsc42015/vsc_data_vo/datasets/weizmann/EhV/high_time_res/High/images/H1_T9', '/vsc-mounts/gent-user/420/vsc42015/vsc_data_vo/datasets/weizmann/EhV/high_time_res/High/images/H2_T7', '/vsc-mounts/gent-user/420/vsc42015/vsc_data_vo/datasets/weizmann/EhV/high_time_res/High/images/H2_T8', '/vsc-mounts/gent-user/420/vsc42015/vsc_data_vo/datasets/weizmann/EhV/high_time_res/High/images/H2_T9']",,False,1,1,01:00:00,,[],,9880.821612596512
1,True,mpi,/local_scratch/,/vsc-mounts/gent-user/420/vsc42015/vsc_data_vo/results/scip_benchmark/benchmark_20210930224304/b98de893-4eb1-496e-9a0a-49e8d7b132b2.json,1,120,200,/vsc-mounts/gent-user/420/vsc42015/vsc_data_vo/results/scip_benchmark/benchmark_20210930224304/results/b98de893-4eb1-496e-9a0a-49e8d7b132b2,/vsc-mounts/gent-user/420/vsc42015/vsc_data_vo/datasets/weizmann/EhV/high_time_res/scip_tiff.yml,"['/vsc-mounts/gent-user/420/vsc42015/vsc_data_vo/datasets/weizmann/EhV/high_time_res/High/images/H1_T7', '/vsc-mounts/gent-user/420/vsc42015/vsc_data_vo/datasets/weizmann/EhV/high_time_res/High/images/H1_T8', '/vsc-mounts/gent-user/420/vsc42015/vsc_data_vo/datasets/weizmann/EhV/high_time_res/High/images/H1_T9', '/vsc-mounts/gent-user/420/vsc42015/vsc_data_vo/datasets/weizmann/EhV/high_time_res/High/images/H2_T7', '/vsc-mounts/gent-user/420/vsc42015/vsc_data_vo/datasets/weizmann/EhV/high_time_res/High/images/H2_T8', '/vsc-mounts/gent-user/420/vsc42015/vsc_data_vo/datasets/weizmann/EhV/high_time_res/High/images/H2_T9']",,False,1,1,01:00:00,,[],,9924.06207561493
1,True,mpi,/local_scratch/,/vsc-mounts/gent-user/420/vsc42015/vsc_data_vo/results/scip_benchmark/benchmark_20210930224304/007fd9fd-9b33-449b-b131-b9135f52ab6e.json,4,30,800,/vsc-mounts/gent-user/420/vsc42015/vsc_data_vo/results/scip_benchmark/benchmark_20210930224304/results/007fd9fd-9b33-449b-b131-b9135f52ab6e,/vsc-mounts/gent-user/420/vsc42015/vsc_data_vo/datasets/weizmann/EhV/high_time_res/scip_tiff.yml,"['/vsc-mounts/gent-user/420/vsc42015/vsc_data_vo/datasets/weizmann/EhV/high_time_res/High/images/H1_T7', '/vsc-mounts/gent-user/420/vsc42015/vsc_data_vo/datasets/weizmann/EhV/high_time_res/High/images/H1_T8', '/vsc-mounts/gent-user/420/vsc42015/vsc_data_vo/datasets/weizmann/EhV/high_time_res/High/images/H1_T9', '/vsc-mounts/gent-user/420/vsc42015/vsc_data_vo/datasets/weizmann/EhV/high_time_res/High/images/H2_T7', '/vsc-mounts/gent-user/420/vsc42015/vsc_data_vo/datasets/weizmann/EhV/high_time_res/High/images/H2_T8', '/vsc-mounts/gent-user/420/vsc42015/vsc_data_vo/datasets/weizmann/EhV/high_time_res/High/images/H2_T9']",,False,1,1,01:00:00,,[],,2164.125259876251
1,True,mpi,/local_scratch/,/vsc-mounts/gent-user/420/vsc42015/vsc_data_vo/results/scip_benchmark/benchmark_20210930224304/df63573b-bc98-4c3e-a325-4e70723027ad.json,4,30,400,/vsc-mounts/gent-user/420/vsc42015/vsc_data_vo/results/scip_benchmark/benchmark_20210930224304/results/df63573b-bc98-4c3e-a325-4e70723027ad,/vsc-mounts/gent-user/420/vsc42015/vsc_data_vo/datasets/weizmann/EhV/high_time_res/scip_tiff.yml,"['/vsc-mounts/gent-user/420/vsc42015/vsc_data_vo/datasets/weizmann/EhV/high_time_res/High/images/H1_T7', '/vsc-mounts/gent-user/420/vsc42015/vsc_data_vo/datasets/weizmann/EhV/high_time_res/High/images/H1_T8', '/vsc-mounts/gent-user/420/vsc42015/vsc_data_vo/datasets/weizmann/EhV/high_time_res/High/images/H1_T9', '/vsc-mounts/gent-user/420/vsc42015/vsc_data_vo/datasets/weizmann/EhV/high_time_res/High/images/H2_T7', '/vsc-mounts/gent-user/420/vsc42015/vsc_data_vo/datasets/weizmann/EhV/high_time_res/High/images/H2_T8', '/vsc-mounts/gent-user/420/vsc42015/vsc_data_vo/datasets/weizmann/EhV/high_time_res/High/images/H2_T9']",,False,1,1,01:00:00,,[],,2484.7016158103943
1,True,mpi,/local_scratch/,/vsc-mounts/gent-user/420/vsc42015/vsc_data_vo/results/scip_benchmark/benchmark_20210930224304/7a2743e1-d0aa-4fb2-ba51-eba06169b2cd.json,2,60,200,/vsc-mounts/gent-user/420/vsc42015/vsc_data_vo/results/scip_benchmark/benchmark_20210930224304/results/7a2743e1-d0aa-4fb2-ba51-eba06169b2cd,/vsc-mounts/gent-user/420/vsc42015/vsc_data_vo/datasets/weizmann/EhV/high_time_res/scip_tiff.yml,"['/vsc-mounts/gent-user/420/vsc42015/vsc_data_vo/datasets/weizmann/EhV/high_time_res/High/images/H1_T7', '/vsc-mounts/gent-user/420/vsc42015/vsc_data_vo/datasets/weizmann/EhV/high_time_res/High/images/H1_T8', '/vsc-mounts/gent-user/420/vsc42015/vsc_data_vo/datasets/weizmann/EhV/high_time_res/High/images/H1_T9', '/vsc-mounts/gent-user/420/vsc42015/vsc_data_vo/datasets/weizmann/EhV/high_time_res/High/images/H2_T7', '/vsc-mounts/gent-user/420/vsc42015/vsc_data_vo/datasets/weizmann/EhV/high_time_res/High/images/H2_T8', '/vsc-mounts/gent-user/420/vsc42015/vsc_data_vo/datasets/weizmann/EhV/high_time_res/High/images/H2_T9']",,False,1,1,01:00:00,,[],,5004.153208732605
1,True,mpi,/local_scratch/,/vsc-mounts/gent-user/420/vsc42015/vsc_data_vo/results/scip_benchmark/benchmark_20210930224304/1ff1cf69-e9fd-4533-a9e2-2cc4dba76eab.json,4,30,400,/vsc-mounts/gent-user/420/vsc42015/vsc_data_vo/results/scip_benchmark/benchmark_20210930224304/results/1ff1cf69-e9fd-4533-a9e2-2cc4dba76eab,/vsc-mounts/gent-user/420/vsc42015/vsc_data_vo/datasets/weizmann/EhV/high_time_res/scip_tiff.yml,"['/vsc-mounts/gent-user/420/vsc42015/vsc_data_vo/datasets/weizmann/EhV/high_time_res/High/images/H1_T7', '/vsc-mounts/gent-user/420/vsc42015/vsc_data_vo/datasets/weizmann/EhV/high_time_res/High/images/H1_T8', '/vsc-mounts/gent-user/420/vsc42015/vsc_data_vo/datasets/weizmann/EhV/high_time_res/High/images/H1_T9', '/vsc-mounts/gent-user/420/vsc42015/vsc_data_vo/datasets/weizmann/EhV/high_time_res/High/images/H2_T7', '/vsc-mounts/gent-user/420/vsc42015/vsc_data_vo/datasets/weizmann/EhV/high_time_res/High/images/H2_T8', '/vsc-mounts/gent-user/420/vsc42015/vsc_data_vo/datasets/weizmann/EhV/high_time_res/High/images/H2_T9']",,False,1,1,01:00:00,,[],,2489.873815059662
1,True,mpi,/local_scratch/,/vsc-mounts/gent-user/420/vsc42015/vsc_data_vo/results/scip_benchmark/benchmark_20210930224304/987b47c4-fba9-4f5c-8733-fce06d673563.json,1,120,200,/vsc-mounts/gent-user/420/vsc42015/vsc_data_vo/results/scip_benchmark/benchmark_20210930224304/results/987b47c4-fba9-4f5c-8733-fce06d673563,/vsc-mounts/gent-user/420/vsc42015/vsc_data_vo/datasets/weizmann/EhV/high_time_res/scip_tiff.yml,"['/vsc-mounts/gent-user/420/vsc42015/vsc_data_vo/datasets/weizmann/EhV/high_time_res/High/images/H1_T7', '/vsc-mounts/gent-user/420/vsc42015/vsc_data_vo/datasets/weizmann/EhV/high_time_res/High/images/H1_T8', '/vsc-mounts/gent-user/420/vsc42015/vsc_data_vo/datasets/weizmann/EhV/high_time_res/High/images/H1_T9', '/vsc-mounts/gent-user/420/vsc42015/vsc_data_vo/datasets/weizmann/EhV/high_time_res/High/images/H2_T7', '/vsc-mounts/gent-user/420/vsc42015/vsc_data_vo/datasets/weizmann/EhV/high_time_res/High/images/H2_T8', '/vsc-mounts/gent-user/420/vsc42015/vsc_data_vo/datasets/weizmann/EhV/high_time_res/High/images/H2_T9']",,False,1,1,01:00:00,,[],,9969.525274515152
1,True,mpi,/local_scratch/,/vsc-mounts/gent-user/420/vsc42015/vsc_data_vo/results/scip_benchmark/benchmark_20210930224304/43821f8e-6acb-460a-b9d8-1ef43eca1b13.json,16,7,800,/vsc-mounts/gent-user/420/vsc42015/vsc_data_vo/results/scip_benchmark/benchmark_20210930224304/results/43821f8e-6acb-460a-b9d8-1ef43eca1b13,/vsc-mounts/gent-user/420/vsc42015/vsc_data_vo/datasets/weizmann/EhV/high_time_res/scip_tiff.yml,"['/vsc-mounts/gent-user/420/vsc42015/vsc_data_vo/datasets/weizmann/EhV/high_time_res/High/images/H1_T7', '/vsc-mounts/gent-user/420/vsc42015/vsc_data_vo/datasets/weizmann/EhV/high_time_res/High/images/H1_T8', '/vsc-mounts/gent-user/420/vsc42015/vsc_data_vo/datasets/weizmann/EhV/high_time_res/High/images/H1_T9', '/vsc-mounts/gent-user/420/vsc42015/vsc_data_vo/datasets/weizmann/EhV/high_time_res/High/images/H2_T7', '/vsc-mounts/gent-user/420/vsc42015/vsc_data_vo/datasets/weizmann/EhV/high_time_res/High/images/H2_T8', '/vsc-mounts/gent-user/420/vsc42015/vsc_data_vo/datasets/weizmann/EhV/high_time_res/High/images/H2_T9']",,False,1,1,01:00:00,,[],,894.9395956993103
1,True,mpi,/local_scratch/,/vsc-mounts/gent-user/420/vsc42015/vsc_data_vo/results/scip_benchmark/benchmark_20210930224304/83d16f79-13f7-4ee1-bf27-8e21f71ab91a.json,2,60,400,/vsc-mounts/gent-user/420/vsc42015/vsc_data_vo/results/scip_benchmark/benchmark_20210930224304/results/83d16f79-13f7-4ee1-bf27-8e21f71ab91a,/vsc-mounts/gent-user/420/vsc42015/vsc_data_vo/datasets/weizmann/EhV/high_time_res/scip_tiff.yml,"['/vsc-mounts/gent-user/420/vsc42015/vsc_data_vo/datasets/weizmann/EhV/high_time_res/High/images/H1_T7', '/vsc-mounts/gent-user/420/vsc42015/vsc_data_vo/datasets/weizmann/EhV/high_time_res/High/images/H1_T8', '/vsc-mounts/gent-user/420/vsc42015/vsc_data_vo/datasets/weizmann/EhV/high_time_res/High/images/H1_T9', '/vsc-mounts/gent-user/420/vsc42015/vsc_data_vo/datasets/weizmann/EhV/high_time_res/High/images/H2_T7', '/vsc-mounts/gent-user/420/vsc42015/vsc_data_vo/datasets/weizmann/EhV/high_time_res/High/images/H2_T8', '/vsc-mounts/gent-user/420/vsc42015/vsc_data_vo/datasets/weizmann/EhV/high_time_res/High/images/H2_T9']",,False,1,1,01:00:00,,[],,4152.391612768173
1,True,mpi,/local_scratch/,/vsc-mounts/gent-user/420/vsc42015/vsc_data_vo/results/scip_benchmark/benchmark_20210930224304/30a72236-58bd-47d0-b4d3-672523ae3190.json,26,4,400,/vsc-mounts/gent-user/420/vsc42015/vsc_data_vo/results/scip_benchmark/benchmark_20210930224304/results/30a72236-58bd-47d0-b4d3-672523ae3190,/vsc-mounts/gent-user/420/vsc42015/vsc_data_vo/datasets/weizmann/EhV/high_time_res/scip_tiff.yml,"['/vsc-mounts/gent-user/420/vsc42015/vsc_data_vo/datasets/weizmann/EhV/high_time_res/High/images/H1_T7', '/vsc-mounts/gent-user/420/vsc42015/vsc_data_vo/datasets/weizmann/EhV/high_time_res/High/images/H1_T8', '/vsc-mounts/gent-user/420/vsc42015/vsc_data_vo/datasets/weizmann/EhV/high_time_res/High/images/H1_T9', '/vsc-mounts/gent-user/420/vsc42015/vsc_data_vo/datasets/weizmann/EhV/high_time_res/High/images/H2_T7', '/vsc-mounts/gent-user/420/vsc42015/vsc_data_vo/datasets/weizmann/EhV/high_time_res/High/images/H2_T8', '/vsc-mounts/gent-user/420/vsc42015/vsc_data_vo/datasets/weizmann/EhV/high_time_res/High/images/H2_T9']",,False,1,1,01:00:00,,[],,818.1104714870453
1,True,mpi,/local_scratch/,/vsc-mounts/gent-user/420/vsc42015/vsc_data_vo/results/scip_benchmark/benchmark_20210930224304/15ecb68d-ab83-4ad6-ad01-2b91004295a6.json,1,120,100,/vsc-mounts/gent-user/420/vsc42015/vsc_data_vo/results/scip_benchmark/benchmark_20210930224304/results/15ecb68d-ab83-4ad6-ad01-2b91004295a6,/vsc-mounts/gent-user/420/vsc42015/vsc_data_vo/datasets/weizmann/EhV/high_time_res/scip_tiff.yml,"['/vsc-mounts/gent-user/420/vsc42015/vsc_data_vo/datasets/weizmann/EhV/high_time_res/High/images/H1_T7', '/vsc-mounts/gent-user/420/vsc42015/vsc_data_vo/datasets/weizmann/EhV/high_time_res/High/images/H1_T8', '/vsc-mounts/gent-user/420/vsc42015/vsc_data_vo/datasets/weizmann/EhV/high_time_res/High/images/H1_T9', '/vsc-mounts/gent-user/420/vsc42015/vsc_data_vo/datasets/weizmann/EhV/high_time_res/High/images/H2_T7', '/vsc-mounts/gent-user/420/vsc42015/vsc_data_vo/datasets/weizmann/EhV/high_time_res/High/images/H2_T8', '/vsc-mounts/gent-user/420/vsc42015/vsc_data_vo/datasets/weizmann/EhV/high_time_res/High/images/H2_T9']",,False,1,1,01:00:00,,[],,9429.878237485886
1,True,mpi,/local_scratch/,/vsc-mounts/gent-user/420/vsc42015/vsc_data_vo/results/scip_benchmark/benchmark_20210930224304/4064dae3-2b55-4c43-98bb-7cdf557d9670.json,26,4,800,/vsc-mounts/gent-user/420/vsc42015/vsc_data_vo/results/scip_benchmark/benchmark_20210930224304/results/4064dae3-2b55-4c43-98bb-7cdf557d9670,/vsc-mounts/gent-user/420/vsc42015/vsc_data_vo/datasets/weizmann/EhV/high_time_res/scip_tiff.yml,"['/vsc-mounts/gent-user/420/vsc42015/vsc_data_vo/datasets/weizmann/EhV/high_time_res/High/images/H1_T7', '/vsc-mounts/gent-user/420/vsc42015/vsc_data_vo/datasets/weizmann/EhV/high_time_res/High/images/H1_T8', '/vsc-mounts/gent-user/420/vsc42015/vsc_data_vo/datasets/weizmann/EhV/high_time_res/High/images/H1_T9', '/vsc-mounts/gent-user/420/vsc42015/vsc_data_vo/datasets/weizmann/EhV/high_time_res/High/images/H2_T7', '/vsc-mounts/gent-user/420/vsc42015/vsc_data_vo/datasets/weizmann/EhV/high_time_res/High/images/H2_T8', '/vsc-mounts/gent-user/420/vsc42015/vsc_data_vo/datasets/weizmann/EhV/high_time_res/High/images/H2_T9']",,False,1,1,01:00:00,,[],,681.1279191970825
1,True,mpi,/local_scratch/,/vsc-mounts/gent-user/420/vsc42015/vsc_data_vo/results/scip_benchmark/benchmark_20210930224304/1cfa0a54-c97f-4b53-b070-8367600dc4d0.json,1,120,800,/vsc-mounts/gent-user/420/vsc42015/vsc_data_vo/results/scip_benchmark/benchmark_20210930224304/results/1cfa0a54-c97f-4b53-b070-8367600dc4d0,/vsc-mounts/gent-user/420/vsc42015/vsc_data_vo/datasets/weizmann/EhV/high_time_res/scip_tiff.yml,"['/vsc-mounts/gent-user/420/vsc42015/vsc_data_vo/datasets/weizmann/EhV/high_time_res/High/images/H1_T7', '/vsc-mounts/gent-user/420/vsc42015/vsc_data_vo/datasets/weizmann/EhV/high_time_res/High/images/H1_T8', '/vsc-mounts/gent-user/420/vsc42015/vsc_data_vo/datasets/weizmann/EhV/high_time_res/High/images/H1_T9', '/vsc-mounts/gent-user/420/vsc42015/vsc_data_vo/datasets/weizmann/EhV/high_time_res/High/images/H2_T7', '/vsc-mounts/gent-user/420/vsc42015/vsc_data_vo/datasets/weizmann/EhV/high_time_res/High/images/H2_T8', '/vsc-mounts/gent-user/420/vsc42015/vsc_data_vo/datasets/weizmann/EhV/high_time_res/High/images/H2_T9']",,False,1,1,01:00:00,,[],,8816.424492835999
1,True,mpi,/local_scratch/,/vsc-mounts/gent-user/420/vsc42015/vsc_data_vo/results/scip_benchmark/benchmark_20210930224304/5b9e3bcd-e5bf-4823-8f71-d0f4412f5f6e.json,1,120,400,/vsc-mounts/gent-user/420/vsc42015/vsc_data_vo/results/scip_benchmark/benchmark_20210930224304/results/5b9e3bcd-e5bf-4823-8f71-d0f4412f5f6e,/vsc-mounts/gent-user/420/vsc42015/vsc_data_vo/datasets/weizmann/EhV/high_time_res/scip_tiff.yml,"['/vsc-mounts/gent-user/420/vsc42015/vsc_data_vo/datasets/weizmann/EhV/high_time_res/High/images/H1_T7', '/vsc-mounts/gent-user/420/vsc42015/vsc_data_vo/datasets/weizmann/EhV/high_time_res/High/images/H1_T8', '/vsc-mounts/gent-user/420/vsc42015/vsc_data_vo/datasets/weizmann/EhV/high_time_res/High/images/H1_T9', '/vsc-mounts/gent-user/420/vsc42015/vsc_data_vo/datasets/weizmann/EhV/high_time_res/High/images/H2_T7', '/vsc-mounts/gent-user/420/vsc42015/vsc_data_vo/datasets/weizmann/EhV/high_time_res/High/images/H2_T8', '/vsc-mounts/gent-user/420/vsc42015/vsc_data_vo/datasets/weizmann/EhV/high_time_res/High/images/H2_T9']",,False,1,1,01:00:00,,[],,9029.650096178055
1,True,mpi,/local_scratch/,/vsc-mounts/gent-user/420/vsc42015/vsc_data_vo/results/scip_benchmark/benchmark_20210930224304/78fe42f5-2f9f-4293-87c7-d7a53109c882.json,26,4,800,/vsc-mounts/gent-user/420/vsc42015/vsc_data_vo/results/scip_benchmark/benchmark_20210930224304/results/78fe42f5-2f9f-4293-87c7-d7a53109c882,/vsc-mounts/gent-user/420/vsc42015/vsc_data_vo/datasets/weizmann/EhV/high_time_res/scip_tiff.yml,"['/vsc-mounts/gent-user/420/vsc42015/vsc_data_vo/datasets/weizmann/EhV/high_time_res/High/images/H1_T7', '/vsc-mounts/gent-user/420/vsc42015/vsc_data_vo/datasets/weizmann/EhV/high_time_res/High/images/H1_T8', '/vsc-mounts/gent-user/420/vsc42015/vsc_data_vo/datasets/weizmann/EhV/high_time_res/High/images/H1_T9', '/vsc-mounts/gent-user/420/vsc42015/vsc_data_vo/datasets/weizmann/EhV/high_time_res/High/images/H2_T7', '/vsc-mounts/gent-user/420/vsc42015/vsc_data_vo/datasets/weizmann/EhV/high_time_res/High/images/H2_T8', '/vsc-mounts/gent-user/420/vsc42015/vsc_data_vo/datasets/weizmann/EhV/high_time_res/High/images/H2_T9']",,False,1,1,01:00:00,,[],,702.7249710559845
1,True,mpi,/local_scratch/,/vsc-mounts/gent-user/420/vsc42015/vsc_data_vo/results/scip_benchmark/benchmark_20210930224304/2e382635-61a6-4562-983e-1d9176c27efc.json,1,120,100,/vsc-mounts/gent-user/420/vsc42015/vsc_data_vo/results/scip_benchmark/benchmark_20210930224304/results/2e382635-61a6-4562-983e-1d9176c27efc,/vsc-mounts/gent-user/420/vsc42015/vsc_data_vo/datasets/weizmann/EhV/high_time_res/scip_tiff.yml,"['/vsc-mounts/gent-user/420/vsc42015/vsc_data_vo/datasets/weizmann/EhV/high_time_res/High/images/H1_T7', '/vsc-mounts/gent-user/420/vsc42015/vsc_data_vo/datasets/weizmann/EhV/high_time_res/High/images/H1_T8', '/vsc-mounts/gent-user/420/vsc42015/vsc_data_vo/datasets/weizmann/EhV/high_time_res/High/images/H1_T9', '/vsc-mounts/gent-user/420/vsc42015/vsc_data_vo/datasets/weizmann/EhV/high_time_res/High/images/H2_T7', '/vsc-mounts/gent-user/420/vsc42015/vsc_data_vo/datasets/weizmann/EhV/high_time_res/High/images/H2_T8', '/vsc-mounts/gent-user/420/vsc42015/vsc_data_vo/datasets/weizmann/EhV/high_time_res/High/images/H2_T9']",,False,1,1,01:00:00,,[],,10190.38986992836
1,True,mpi,/local_scratch/,/vsc-mounts/gent-user/420/vsc42015/vsc_data_vo/results/scip_benchmark/benchmark_20210930224304/bfa91ad4-9f28-436d-8334-08919af343dc.json,2,60,800,/vsc-mounts/gent-user/420/vsc42015/vsc_data_vo/results/scip_benchmark/benchmark_20210930224304/results/bfa91ad4-9f28-436d-8334-08919af343dc,/vsc-mounts/gent-user/420/vsc42015/vsc_data_vo/datasets/weizmann/EhV/high_time_res/scip_tiff.yml,"['/vsc-mounts/gent-user/420/vsc42015/vsc_data_vo/datasets/weizmann/EhV/high_time_res/High/images/H1_T7', '/vsc-mounts/gent-user/420/vsc42015/vsc_data_vo/datasets/weizmann/EhV/high_time_res/High/images/H1_T8', '/vsc-mounts/gent-user/420/vsc42015/vsc_data_vo/datasets/weizmann/EhV/high_time_res/High/images/H1_T9', '/vsc-mounts/gent-user/420/vsc42015/vsc_data_vo/datasets/weizmann/EhV/high_time_res/High/images/H2_T7', '/vsc-mounts/gent-user/420/vsc42015/vsc_data_vo/datasets/weizmann/EhV/high_time_res/High/images/H2_T8', '/vsc-mounts/gent-user/420/vsc42015/vsc_data_vo/datasets/weizmann/EhV/high_time_res/High/images/H2_T9']",,False,1,1,01:00:00,,[],,4591.981554746628
1,True,mpi,/local_scratch/,/vsc-mounts/gent-user/420/vsc42015/vsc_data_vo/results/scip_benchmark/benchmark_20210930224304/5642a803-e2dd-4e0f-abd6-6c6be12922a4.json,2,60,400,/vsc-mounts/gent-user/420/vsc42015/vsc_data_vo/results/scip_benchmark/benchmark_20210930224304/results/5642a803-e2dd-4e0f-abd6-6c6be12922a4,/vsc-mounts/gent-user/420/vsc42015/vsc_data_vo/datasets/weizmann/EhV/high_time_res/scip_tiff.yml,"['/vsc-mounts/gent-user/420/vsc42015/vsc_data_vo/datasets/weizmann/EhV/high_time_res/High/images/H1_T7', '/vsc-mounts/gent-user/420/vsc42015/vsc_data_vo/datasets/weizmann/EhV/high_time_res/High/images/H1_T8', '/vsc-mounts/gent-user/420/vsc42015/vsc_data_vo/datasets/weizmann/EhV/high_time_res/High/images/H1_T9', '/vsc-mounts/gent-user/420/vsc42015/vsc_data_vo/datasets/weizmann/EhV/high_time_res/High/images/H2_T7', '/vsc-mounts/gent-user/420/vsc42015/vsc_data_vo/datasets/weizmann/EhV/high_time_res/High/images/H2_T8', '/vsc-mounts/gent-user/420/vsc42015/vsc_data_vo/datasets/weizmann/EhV/high_time_res/High/images/H2_T9']",,False,1,1,01:00:00,,[],,4599.804553985596
1,True,mpi,/local_scratch/,/vsc-mounts/gent-user/420/vsc42015/vsc_data_vo/results/scip_benchmark/benchmark_20210930224304/99c61649-f675-43f0-a1f3-8c211ee26749.json,16,7,400,/vsc-mounts/gent-user/420/vsc42015/vsc_data_vo/results/scip_benchmark/benchmark_20210930224304/results/99c61649-f675-43f0-a1f3-8c211ee26749,/vsc-mounts/gent-user/420/vsc42015/vsc_data_vo/datasets/weizmann/EhV/high_time_res/scip_tiff.yml,"['/vsc-mounts/gent-user/420/vsc42015/vsc_data_vo/datasets/weizmann/EhV/high_time_res/High/images/H1_T7', '/vsc-mounts/gent-user/420/vsc42015/vsc_data_vo/datasets/weizmann/EhV/high_time_res/High/images/H1_T8', '/vsc-mounts/gent-user/420/vsc42015/vsc_data_vo/datasets/weizmann/EhV/high_time_res/High/images/H1_T9', '/vsc-mounts/gent-user/420/vsc42015/vsc_data_vo/datasets/weizmann/EhV/high_time_res/High/images/H2_T7', '/vsc-mounts/gent-user/420/vsc42015/vsc_data_vo/datasets/weizmann/EhV/high_time_res/High/images/H2_T8', '/vsc-mounts/gent-user/420/vsc42015/vsc_data_vo/datasets/weizmann/EhV/high_time_res/High/images/H2_T9']",,False,1,1,01:00:00,,[],,681.562272310257
1,True,mpi,/local_scratch/,/vsc-mounts/gent-user/420/vsc42015/vsc_data_vo/results/scip_benchmark/benchmark_20210930224304/79c2616e-6f2e-4776-b31a-db0a41791ad0.json,8,15,800,/vsc-mounts/gent-user/420/vsc42015/vsc_data_vo/results/scip_benchmark/benchmark_20210930224304/results/79c2616e-6f2e-4776-b31a-db0a41791ad0,/vsc-mounts/gent-user/420/vsc42015/vsc_data_vo/datasets/weizmann/EhV/high_time_res/scip_tiff.yml,"['/vsc-mounts/gent-user/420/vsc42015/vsc_data_vo/datasets/weizmann/EhV/high_time_res/High/images/H1_T7', '/vsc-mounts/gent-user/420/vsc42015/vsc_data_vo/datasets/weizmann/EhV/high_time_res/High/images/H1_T8', '/vsc-mounts/gent-user/420/vsc42015/vsc_data_vo/datasets/weizmann/EhV/high_time_res/High/images/H1_T9', '/vsc-mounts/gent-user/420/vsc42015/vsc_data_vo/datasets/weizmann/EhV/high_time_res/High/images/H2_T7', '/vsc-mounts/gent-user/420/vsc42015/vsc_data_vo/datasets/weizmann/EhV/high_time_res/High/images/H2_T8', '/vsc-mounts/gent-user/420/vsc42015/vsc_data_vo/datasets/weizmann/EhV/high_time_res/High/images/H2_T9']",,False,1,1,01:00:00,,[],,1410.3836545944214
1,True,mpi,/local_scratch/,/vsc-mounts/gent-user/420/vsc42015/vsc_data_vo/results/scip_benchmark/benchmark_20210930224304/266255cd-c0c1-494b-a0a4-c448d0e89d59.json,2,60,200,/vsc-mounts/gent-user/420/vsc42015/vsc_data_vo/results/scip_benchmark/benchmark_20210930224304/results/266255cd-c0c1-494b-a0a4-c448d0e89d59,/vsc-mounts/gent-user/420/vsc42015/vsc_data_vo/datasets/weizmann/EhV/high_time_res/scip_tiff.yml,"['/vsc-mounts/gent-user/420/vsc42015/vsc_data_vo/datasets/weizmann/EhV/high_time_res/High/images/H1_T7', '/vsc-mounts/gent-user/420/vsc42015/vsc_data_vo/datasets/weizmann/EhV/high_time_res/High/images/H1_T8', '/vsc-mounts/gent-user/420/vsc42015/vsc_data_vo/datasets/weizmann/EhV/high_time_res/High/images/H1_T9', '/vsc-mounts/gent-user/420/vsc42015/vsc_data_vo/datasets/weizmann/EhV/high_time_res/High/images/H2_T7', '/vsc-mounts/gent-user/420/vsc42015/vsc_data_vo/datasets/weizmann/EhV/high_time_res/High/images/H2_T8', '/vsc-mounts/gent-user/420/vsc42015/vsc_data_vo/datasets/weizmann/EhV/high_time_res/High/images/H2_T9']",,False,1,1,01:00:00,,[],,5013.408320903778
1,True,mpi,/local_scratch/,/vsc-mounts/gent-user/420/vsc42015/vsc_data_vo/results/scip_benchmark/benchmark_20210930224304/ab59169b-ec2d-4ce6-9333-8273ffaf4123.json,1,120,800,/vsc-mounts/gent-user/420/vsc42015/vsc_data_vo/results/scip_benchmark/benchmark_20210930224304/results/ab59169b-ec2d-4ce6-9333-8273ffaf4123,/vsc-mounts/gent-user/420/vsc42015/vsc_data_vo/datasets/weizmann/EhV/high_time_res/scip_tiff.yml,"['/vsc-mounts/gent-user/420/vsc42015/vsc_data_vo/datasets/weizmann/EhV/high_time_res/High/images/H1_T7', '/vsc-mounts/gent-user/420/vsc42015/vsc_data_vo/datasets/weizmann/EhV/high_time_res/High/images/H1_T8', '/vsc-mounts/gent-user/420/vsc42015/vsc_data_vo/datasets/weizmann/EhV/high_time_res/High/images/H1_T9', '/vsc-mounts/gent-user/420/vsc42015/vsc_data_vo/datasets/weizmann/EhV/high_time_res/High/images/H2_T7', '/vsc-mounts/gent-user/420/vsc42015/vsc_data_vo/datasets/weizmann/EhV/high_time_res/High/images/H2_T8', '/vsc-mounts/gent-user/420/vsc42015/vsc_data_vo/datasets/weizmann/EhV/high_time_res/High/images/H2_T9']",,False,1,1,01:00:00,,[],,8728.558770179749
1,True,mpi,/local_scratch/,/vsc-mounts/gent-user/420/vsc42015/vsc_data_vo/results/scip_benchmark/benchmark_20210930224304/e93d7902-c4c0-438a-94dd-1d60e9e0d2d1.json,1,120,800,/vsc-mounts/gent-user/420/vsc42015/vsc_data_vo/results/scip_benchmark/benchmark_20210930224304/results/e93d7902-c4c0-438a-94dd-1d60e9e0d2d1,/vsc-mounts/gent-user/420/vsc42015/vsc_data_vo/datasets/weizmann/EhV/high_time_res/scip_tiff.yml,"['/vsc-mounts/gent-user/420/vsc42015/vsc_data_vo/datasets/weizmann/EhV/high_time_res/High/images/H1_T7', '/vsc-mounts/gent-user/420/vsc42015/vsc_data_vo/datasets/weizmann/EhV/high_time_res/High/images/H1_T8', '/vsc-mounts/gent-user/420/vsc42015/vsc_data_vo/datasets/weizmann/EhV/high_time_res/High/images/H1_T9', '/vsc-mounts/gent-user/420/vsc42015/vsc_data_vo/datasets/weizmann/EhV/high_time_res/High/images/H2_T7', '/vsc-mounts/gent-user/420/vsc42015/vsc_data_vo/datasets/weizmann/EhV/high_time_res/High/images/H2_T8', '/vsc-mounts/gent-user/420/vsc42015/vsc_data_vo/datasets/weizmann/EhV/high_time_res/High/images/H2_T9']",,False,1,1,01:00:00,,[],,8789.908910274506
1,True,mpi,/local_scratch/,/vsc-mounts/gent-user/420/vsc42015/vsc_data_vo/results/scip_benchmark/benchmark_20210930224304/28af84d4-604a-4c85-b247-634267498798.json,4,30,800,/vsc-mounts/gent-user/420/vsc42015/vsc_data_vo/results/scip_benchmark/benchmark_20210930224304/results/28af84d4-604a-4c85-b247-634267498798,/vsc-mounts/gent-user/420/vsc42015/vsc_data_vo/datasets/weizmann/EhV/high_time_res/scip_tiff.yml,"['/vsc-mounts/gent-user/420/vsc42015/vsc_data_vo/datasets/weizmann/EhV/high_time_res/High/images/H1_T7', '/vsc-mounts/gent-user/420/vsc42015/vsc_data_vo/datasets/weizmann/EhV/high_time_res/High/images/H1_T8', '/vsc-mounts/gent-user/420/vsc42015/vsc_data_vo/datasets/weizmann/EhV/high_time_res/High/images/H1_T9', '/vsc-mounts/gent-user/420/vsc42015/vsc_data_vo/datasets/weizmann/EhV/high_time_res/High/images/H2_T7', '/vsc-mounts/gent-user/420/vsc42015/vsc_data_vo/datasets/weizmann/EhV/high_time_res/High/images/H2_T8', '/vsc-mounts/gent-user/420/vsc42015/vsc_data_vo/datasets/weizmann/EhV/high_time_res/High/images/H2_T9']",,False,1,1,01:00:00,,[],,2464.7889528274536
1,True,mpi,/local_scratch/,/vsc-mounts/gent-user/420/vsc42015/vsc_data_vo/results/scip_benchmark/benchmark_20210930224304/eca3f1ef-800c-458b-ad91-3fbaaa68064d.json,4,30,200,/vsc-mounts/gent-user/420/vsc42015/vsc_data_vo/results/scip_benchmark/benchmark_20210930224304/results/eca3f1ef-800c-458b-ad91-3fbaaa68064d,/vsc-mounts/gent-user/420/vsc42015/vsc_data_vo/datasets/weizmann/EhV/high_time_res/scip_tiff.yml,"['/vsc-mounts/gent-user/420/vsc42015/vsc_data_vo/datasets/weizmann/EhV/high_time_res/High/images/H1_T7', '/vsc-mounts/gent-user/420/vsc42015/vsc_data_vo/datasets/weizmann/EhV/high_time_res/High/images/H1_T8', '/vsc-mounts/gent-user/420/vsc42015/vsc_data_vo/datasets/weizmann/EhV/high_time_res/High/images/H1_T9', '/vsc-mounts/gent-user/420/vsc42015/vsc_data_vo/datasets/weizmann/EhV/high_time_res/High/images/H2_T7', '/vsc-mounts/gent-user/420/vsc42015/vsc_data_vo/datasets/weizmann/EhV/high_time_res/High/images/H2_T8', '/vsc-mounts/gent-user/420/vsc42015/vsc_data_vo/datasets/weizmann/EhV/high_time_res/High/images/H2_T9']",,False,1,1,01:00:00,,[],,2680.495791912079
1,True,mpi,/local_scratch/,/vsc-mounts/gent-user/420/vsc42015/vsc_data_vo/results/scip_benchmark/benchmark_20210930224304/44574c59-f214-4d61-93ea-408195d9f1b8.json,2,60,100,/vsc-mounts/gent-user/420/vsc42015/vsc_data_vo/results/scip_benchmark/benchmark_20210930224304/results/44574c59-f214-4d61-93ea-408195d9f1b8,/vsc-mounts/gent-user/420/vsc42015/vsc_data_vo/datasets/weizmann/EhV/high_time_res/scip_tiff.yml,"['/vsc-mounts/gent-user/420/vsc42015/vsc_data_vo/datasets/weizmann/EhV/high_time_res/High/images/H1_T7', '/vsc-mounts/gent-user/420/vsc42015/vsc_data_vo/datasets/weizmann/EhV/high_time_res/High/images/H1_T8', '/vsc-mounts/gent-user/420/vsc42015/vsc_data_vo/datasets/weizmann/EhV/high_time_res/High/images/H1_T9', '/vsc-mounts/gent-user/420/vsc42015/vsc_data_vo/datasets/weizmann/EhV/high_time_res/High/images/H2_T7', '/vsc-mounts/gent-user/420/vsc42015/vsc_data_vo/datasets/weizmann/EhV/high_time_res/High/images/H2_T8', '/vsc-mounts/gent-user/420/vsc42015/vsc_data_vo/datasets/weizmann/EhV/high_time_res/High/images/H2_T9']",,False,1,1,01:00:00,,[],,4862.012657403946
1,True,mpi,/local_scratch/,/vsc-mounts/gent-user/420/vsc42015/vsc_data_vo/results/scip_benchmark/benchmark_20210930224304/0d8d0250-623f-4f16-be50-450b630af6a6.json,4,30,200,/vsc-mounts/gent-user/420/vsc42015/vsc_data_vo/results/scip_benchmark/benchmark_20210930224304/results/0d8d0250-623f-4f16-be50-450b630af6a6,/vsc-mounts/gent-user/420/vsc42015/vsc_data_vo/datasets/weizmann/EhV/high_time_res/scip_tiff.yml,"['/vsc-mounts/gent-user/420/vsc42015/vsc_data_vo/datasets/weizmann/EhV/high_time_res/High/images/H1_T7', '/vsc-mounts/gent-user/420/vsc42015/vsc_data_vo/datasets/weizmann/EhV/high_time_res/High/images/H1_T8', '/vsc-mounts/gent-user/420/vsc42015/vsc_data_vo/datasets/weizmann/EhV/high_time_res/High/images/H1_T9', '/vsc-mounts/gent-user/420/vsc42015/vsc_data_vo/datasets/weizmann/EhV/high_time_res/High/images/H2_T7', '/vsc-mounts/gent-user/420/vsc42015/vsc_data_vo/datasets/weizmann/EhV/high_time_res/High/images/H2_T8', '/vsc-mounts/gent-user/420/vsc42015/vsc_data_vo/datasets/weizmann/EhV/high_time_res/High/images/H2_T9']",,False,1,1,01:00:00,,[],,2684.330813407898
1,True,mpi,/local_scratch/,/vsc-mounts/gent-user/420/vsc42015/vsc_data_vo/results/scip_benchmark/benchmark_20210930224304/0d21bc66-ea31-4daa-8578-40efa58c6075.json,1,120,100,/vsc-mounts/gent-user/420/vsc42015/vsc_data_vo/results/scip_benchmark/benchmark_20210930224304/results/0d21bc66-ea31-4daa-8578-40efa58c6075,/vsc-mounts/gent-user/420/vsc42015/vsc_data_vo/datasets/weizmann/EhV/high_time_res/scip_tiff.yml,"['/vsc-mounts/gent-user/420/vsc42015/vsc_data_vo/datasets/weizmann/EhV/high_time_res/High/images/H1_T7', '/vsc-mounts/gent-user/420/vsc42015/vsc_data_vo/datasets/weizmann/EhV/high_time_res/High/images/H1_T8', '/vsc-mounts/gent-user/420/vsc42015/vsc_data_vo/datasets/weizmann/EhV/high_time_res/High/images/H1_T9', '/vsc-mounts/gent-user/420/vsc42015/vsc_data_vo/datasets/weizmann/EhV/high_time_res/High/images/H2_T7', '/vsc-mounts/gent-user/420/vsc42015/vsc_data_vo/datasets/weizmann/EhV/high_time_res/High/images/H2_T8', '/vsc-mounts/gent-user/420/vsc42015/vsc_data_vo/datasets/weizmann/EhV/high_time_res/High/images/H2_T9']",,False,1,1,01:00:00,,[],,11195.767649888992
1,True,mpi,/local_scratch/,/vsc-mounts/gent-user/420/vsc42015/vsc_data_vo/results/scip_benchmark/benchmark_20210930224304/5301eb4c-c2f6-45e8-a9e3-b1713e653e06.json,2,60,100,/vsc-mounts/gent-user/420/vsc42015/vsc_data_vo/results/scip_benchmark/benchmark_20210930224304/results/5301eb4c-c2f6-45e8-a9e3-b1713e653e06,/vsc-mounts/gent-user/420/vsc42015/vsc_data_vo/datasets/weizmann/EhV/high_time_res/scip_tiff.yml,"['/vsc-mounts/gent-user/420/vsc42015/vsc_data_vo/datasets/weizmann/EhV/high_time_res/High/images/H1_T7', '/vsc-mounts/gent-user/420/vsc42015/vsc_data_vo/datasets/weizmann/EhV/high_time_res/High/images/H1_T8', '/vsc-mounts/gent-user/420/vsc42015/vsc_data_vo/datasets/weizmann/EhV/high_time_res/High/images/H1_T9', '/vsc-mounts/gent-user/420/vsc42015/vsc_data_vo/datasets/weizmann/EhV/high_time_res/High/images/H2_T7', '/vsc-mounts/gent-user/420/vsc42015/vsc_data_vo/datasets/weizmann/EhV/high_time_res/High/images/H2_T8', '/vsc-mounts/gent-user/420/vsc42015/vsc_data_vo/datasets/weizmann/EhV/high_time_res/High/images/H2_T9']",,False,1,1,01:00:00,,[],,4858.005587339401
1,True,mpi,/local_scratch/,/vsc-mounts/gent-user/420/vsc42015/vsc_data_vo/results/scip_benchmark/benchmark_20210930224304/c09e574f-64c0-4d74-b41c-0fbbb171c7a7.json,2,60,200,/vsc-mounts/gent-user/420/vsc42015/vsc_data_vo/results/scip_benchmark/benchmark_20210930224304/results/c09e574f-64c0-4d74-b41c-0fbbb171c7a7,/vsc-mounts/gent-user/420/vsc42015/vsc_data_vo/datasets/weizmann/EhV/high_time_res/scip_tiff.yml,"['/vsc-mounts/gent-user/420/vsc42015/vsc_data_vo/datasets/weizmann/EhV/high_time_res/High/images/H1_T7', '/vsc-mounts/gent-user/420/vsc42015/vsc_data_vo/datasets/weizmann/EhV/high_time_res/High/images/H1_T8', '/vsc-mounts/gent-user/420/vsc42015/vsc_data_vo/datasets/weizmann/EhV/high_time_res/High/images/H1_T9', '/vsc-mounts/gent-user/420/vsc42015/vsc_data_vo/datasets/weizmann/EhV/high_time_res/High/images/H2_T7', '/vsc-mounts/gent-user/420/vsc42015/vsc_data_vo/datasets/weizmann/EhV/high_time_res/High/images/H2_T8', '/vsc-mounts/gent-user/420/vsc42015/vsc_data_vo/datasets/weizmann/EhV/high_time_res/High/images/H2_T9']",,False,1,1,01:00:00,,[],,5028.205874919891
1,True,mpi,/local_scratch/,/vsc-mounts/gent-user/420/vsc42015/vsc_data_vo/results/scip_benchmark/benchmark_20210930224304/d3008a71-00bd-4986-84d6-5e4e7c175965.json,8,15,800,/vsc-mounts/gent-user/420/vsc42015/vsc_data_vo/results/scip_benchmark/benchmark_20210930224304/results/d3008a71-00bd-4986-84d6-5e4e7c175965,/vsc-mounts/gent-user/420/vsc42015/vsc_data_vo/datasets/weizmann/EhV/high_time_res/scip_tiff.yml,"['/vsc-mounts/gent-user/420/vsc42015/vsc_data_vo/datasets/weizmann/EhV/high_time_res/High/images/H1_T7', '/vsc-mounts/gent-user/420/vsc42015/vsc_data_vo/datasets/weizmann/EhV/high_time_res/High/images/H1_T8', '/vsc-mounts/gent-user/420/vsc42015/vsc_data_vo/datasets/weizmann/EhV/high_time_res/High/images/H1_T9', '/vsc-mounts/gent-user/420/vsc42015/vsc_data_vo/datasets/weizmann/EhV/high_time_res/High/images/H2_T7', '/vsc-mounts/gent-user/420/vsc42015/vsc_data_vo/datasets/weizmann/EhV/high_time_res/High/images/H2_T8', '/vsc-mounts/gent-user/420/vsc42015/vsc_data_vo/datasets/weizmann/EhV/high_time_res/High/images/H2_T9']",,False,1,1,01:00:00,,[],,1392.9071686267853
1,True,mpi,/local_scratch/,/vsc-mounts/gent-user/420/vsc42015/vsc_data_vo/results/scip_benchmark/benchmark_20210930224304/b743e86b-4716-4880-8ca3-70b9ceb5ac96.json,16,7,800,/vsc-mounts/gent-user/420/vsc42015/vsc_data_vo/results/scip_benchmark/benchmark_20210930224304/results/b743e86b-4716-4880-8ca3-70b9ceb5ac96,/vsc-mounts/gent-user/420/vsc42015/vsc_data_vo/datasets/weizmann/EhV/high_time_res/scip_tiff.yml,"['/vsc-mounts/gent-user/420/vsc42015/vsc_data_vo/datasets/weizmann/EhV/high_time_res/High/images/H1_T7', '/vsc-mounts/gent-user/420/vsc42015/vsc_data_vo/datasets/weizmann/EhV/high_time_res/High/images/H1_T8', '/vsc-mounts/gent-user/420/vsc42015/vsc_data_vo/datasets/weizmann/EhV/high_time_res/High/images/H1_T9', '/vsc-mounts/gent-user/420/vsc42015/vsc_data_vo/datasets/weizmann/EhV/high_time_res/High/images/H2_T7', '/vsc-mounts/gent-user/420/vsc42015/vsc_data_vo/datasets/weizmann/EhV/high_time_res/High/images/H2_T8', '/vsc-mounts/gent-user/420/vsc42015/vsc_data_vo/datasets/weizmann/EhV/high_time_res/High/images/H2_T9']",,False,1,1,01:00:00,,[],,872.960830450058
1,True,mpi,/local_scratch/,/vsc-mounts/gent-user/420/vsc42015/vsc_data_vo/results/scip_benchmark/benchmark_20210930224304/5917297a-196d-4f99-b2ad-6512871c065f.json,16,7,800,/vsc-mounts/gent-user/420/vsc42015/vsc_data_vo/results/scip_benchmark/benchmark_20210930224304/results/5917297a-196d-4f99-b2ad-6512871c065f,/vsc-mounts/gent-user/420/vsc42015/vsc_data_vo/datasets/weizmann/EhV/high_time_res/scip_tiff.yml,"['/vsc-mounts/gent-user/420/vsc42015/vsc_data_vo/datasets/weizmann/EhV/high_time_res/High/images/H1_T7', '/vsc-mounts/gent-user/420/vsc42015/vsc_data_vo/datasets/weizmann/EhV/high_time_res/High/images/H1_T8', '/vsc-mounts/gent-user/420/vsc42015/vsc_data_vo/datasets/weizmann/EhV/high_time_res/High/images/H1_T9', '/vsc-mounts/gent-user/420/vsc42015/vsc_data_vo/datasets/weizmann/EhV/high_time_res/High/images/H2_T7', '/vsc-mounts/gent-user/420/vsc42015/vsc_data_vo/datasets/weizmann/EhV/high_time_res/High/images/H2_T8', '/vsc-mounts/gent-user/420/vsc42015/vsc_data_vo/datasets/weizmann/EhV/high_time_res/High/images/H2_T9']",,False,1,1,01:00:00,,[],,943.3771274089813
1,True,mpi,/local_scratch/,/vsc-mounts/gent-user/420/vsc42015/vsc_data_vo/results/scip_benchmark/benchmark_20210930224304/c12be2ab-b353-4912-a5c8-b95cbba36f72.json,2,60,400,/vsc-mounts/gent-user/420/vsc42015/vsc_data_vo/results/scip_benchmark/benchmark_20210930224304/results/c12be2ab-b353-4912-a5c8-b95cbba36f72,/vsc-mounts/gent-user/420/vsc42015/vsc_data_vo/datasets/weizmann/EhV/high_time_res/scip_tiff.yml,"['/vsc-mounts/gent-user/420/vsc42015/vsc_data_vo/datasets/weizmann/EhV/high_time_res/High/images/H1_T7', '/vsc-mounts/gent-user/420/vsc42015/vsc_data_vo/datasets/weizmann/EhV/high_time_res/High/images/H1_T8', '/vsc-mounts/gent-user/420/vsc42015/vsc_data_vo/datasets/weizmann/EhV/high_time_res/High/images/H1_T9', '/vsc-mounts/gent-user/420/vsc42015/vsc_data_vo/datasets/weizmann/EhV/high_time_res/High/images/H2_T7', '/vsc-mounts/gent-user/420/vsc42015/vsc_data_vo/datasets/weizmann/EhV/high_time_res/High/images/H2_T8', '/vsc-mounts/gent-user/420/vsc42015/vsc_data_vo/datasets/weizmann/EhV/high_time_res/High/images/H2_T9']",,False,1,1,01:00:00,,[],,4561.120614528656
